comment_text,clean_text,no_stop
Bro visit web judi â€˜JUDAY88â€™ menang terus sumpah bray tanpa ribet coeg! ðŸ¤£ðŸ¤£,bro visit web judi juday menang terus sumpah bray tanpa ribet coeg,bro visit web judi juday menang terus sumpah bray ribet coeg
Kalo mau menang slot coba ke 'slotcepet.xyz' gacor parah coeg langsung gaskeun! ðŸ˜‚,kalo mau menang slot coba ke slotcepet xyz gacor parah coeg langsung gaskeun,kalo mau menang slot coba slotcepet xyz gacor parah coeg langsung gaskeun
"Wuih editingnya halus banget, respect! bray",wuih editingnya halus banget respect bray,wuih editingnya halus banget respect bray
gampang menang di cuanmaniazz.site gaskeun cmn buruan daftar!!!,gampang menang di cuanmaniazz site gaskeun cmn buruan daftar,gampang menang cuanmaniazz site gaskeun cmn buruan daftar
thanks bang udah bikin konten sekeren ini fix ðŸ˜­!!,thanks bang udah bikin konten sekeren ini fix,thanks bang udah bikin konten sekeren fix
slotbarbar.fun lagi bagi bonus gila parah gasken modal receh bisa WD!! ðŸ˜­!!,slotbarbar fun lagi bagi bonus gila parah gasken modal receh bisa wd,slotbarbar fun bagi bonus gila parah gasken modal receh wd
spinbosszz.live gacor terus asli fix modal receh bisa WD!! ðŸ˜‚!,spinbosszz live gacor terus asli fix modal receh bisa wd,spinbosszz live gacor terus asli fix modal receh wd
spinbosszz.live gacor terus asli cuan gacor bgt sumpah! ðŸ”¥,spinbosszz live gacor terus asli cuan gacor bgt sumpah,spinbosszz live gacor terus asli cuan gacor bgt sumpah
Sumpah relatable banget wkwk cuan,sumpah relatable banget wkwk cuan,sumpah relatable banget wkwk cuan
anjir ini lucu banget fix ngakak parah sih,anjir ini lucu banget fix ngakak parah sih,anjir lucu banget fix ngakak parah sih
anjay gw kira cringe tapi ternyata keren bro,anjay gw kira cringe tapi ternyata keren bro,anjay gw kira cringe ternyata keren bro
Bro visit weeb judi â€˜JUDAY88â€™ meenaang teerus sumpaah cuaan gaacor bgt sumpaah! ðŸ”¥,bro visit weeb judi juday meenaang teerus sumpaah cuaan gaacor bgt sumpaah,bro visit weeb judi juday meenaang teerus sumpaah cuaan gaacor bgt sumpaah
Admin bagi link nih: hokiroom777.click JP tiap malam seriusan no tipu2 bray!,admin bagi link nih hokiroom click jp tiap malam seriusan no tipu bray,admin link nih hokiroom click jp tiap malam seriusan no tipu bray
Cek situs: wajibgacor.site jackpot tiap spin parah sih tanpa ribet coeg! ðŸ˜Ž,cek situs wajibgacor site jackpot tiap spin parah sih tanpa ribet coeg,cek situs wajibgacor site jackpot tiap spin parah sih ribet coeg
jeebolaanmaaxwin.idn haadiaah tiaap haari reeaal coeeg laangsung gaaskeeun!,jeebolaanmaaxwin idn haadiaah tiaap haari reeaal coeeg laangsung gaaskeeun,jeebolaanmaaxwin idn haadiaah tiaap haari reeaal coeeg laangsung gaaskeeun
thanks bang udah bikin konten sekeren ini anjay!,thanks bang udah bikin konten sekeren ini anjay,thanks bang udah bikin konten sekeren anjay
Haha ngakak parah liat bagian ini auto,haha ngakak parah liat bagian ini auto,haha ngakak parah liat bagian auto
spinbosszz.live gacor terus asli anjay no tipu2 bray!,spinbosszz live gacor terus asli anjay no tipu bray,spinbosszz live gacor terus asli anjay no tipu bray
anjir ini lucu banget fix ngakak fix ðŸ˜­!,anjir ini lucu banget fix ngakak fix,anjir lucu banget fix ngakak fix
Cuma di SP1NMAX bisa menang 20jt sehari gaskeun gacor bgt sumpah! ðŸ˜‚,cuma di sp nmax bisa menang jt sehari gaskeun gacor bgt sumpah,cuma sp nmax menang jt sehari gaskeun gacor bgt sumpah
Admin bagi link nih: hokiroom777.click JP tiap malam cuan real no hoax!!!!,admin bagi link nih hokiroom click jp tiap malam cuan real no hoax,admin link nih hokiroom click jp tiap malam cuan real no hoax
Cek situs: wajibgacor.site jackpot tiap spin anjay buruan daftar!,cek situs wajibgacor site jackpot tiap spin anjay buruan daftar,cek situs wajibgacor site jackpot tiap spin anjay buruan daftar
"Gilaa sih videeonyaa, keereen baangeet sumpaah! cuaan",gilaa sih videeonyaa keereen baangeet sumpaah cuaan,gilaa sih videeonyaa keereen baangeet sumpaah cuaan
Haha ngakak parah liat bagian ini anjir!!!,haha ngakak parah liat bagian ini anjir,haha ngakak parah liat bagian anjir
Cuma di SP1NMAX bisa menang 20jt sehari gaskeun gacor bgt sumpah!,cuma di sp nmax bisa menang jt sehari gaskeun gacor bgt sumpah,cuma sp nmax menang jt sehari gaskeun gacor bgt sumpah
slotbarbar.fun lagi bagi bonus gila parah cuan no tipu2 bray!,slotbarbar fun lagi bagi bonus gila parah cuan no tipu bray,slotbarbar fun bagi bonus gila parah cuan no tipu bray
Tolong bikin part 2 bang! gasken ðŸ¤£ðŸ¤£!,tolong bikin part bang gasken,bikin part bang gasken
"Wuih editingnya halus banget, respect! anjay ðŸ˜Ž!",wuih editingnya halus banget respect anjay,wuih editingnya halus banget respect anjay
Kaalo maau meenaang slot cobaa kee 'slotceepeet.xyz' gaacor paaraah gaaskeeun reeaal no hoaax! ðŸ˜­,kaalo maau meenaang slot cobaa kee slotceepeet xyz gaacor paaraah gaaskeeun reeaal no hoaax,kaalo maau meenaang slot cobaa kee slotceepeet xyz gaacor paaraah gaaskeeun reeaal no hoaax
Admin bagi link nih: hokiroom777.click JP tiap malam coeg langsung gaskeun! ðŸ˜­,admin bagi link nih hokiroom click jp tiap malam coeg langsung gaskeun,admin link nih hokiroom click jp tiap malam coeg langsung gaskeun
"Keren nih, jadi pengen coba juga. fix",keren nih jadi pengen coba juga fix,keren nih jadi pengen coba fix
coba main di maxwinninja.vip sumpah hoki bgt banget sih buruan daftar!,coba main di maxwinninja vip sumpah hoki bgt banget sih buruan daftar,coba main maxwinninja vip sumpah hoki bgt banget sih buruan daftar
"Wuih editingnya halus banget, respect! gaskeun",wuih editingnya halus banget respect gaskeun,wuih editingnya halus banget respect gaskeun
anjay gw kira cringe tapi ternyata keren banget sih,anjay gw kira cringe tapi ternyata keren banget sih,anjay gw kira cringe ternyata keren banget sih
Tolong bikin part 2 bang! cmn ðŸ˜‚,tolong bikin part bang cmn,bikin part bang cmn
Asli ini konten paling niat yang pernah gw liat. gasken ðŸ˜­,asli ini konten paling niat yang pernah gw liat gasken,asli konten paling niat pernah gw liat gasken
"Keren nih, jadi pengen coba juga. wkwkwk",keren nih jadi pengen coba juga wkwkwk,keren nih jadi pengen coba wkwkwk
slotbarbar.fun lagi bagi bonus gila parah anjir modal receh bisa WD!!,slotbarbar fun lagi bagi bonus gila parah anjir modal receh bisa wd,slotbarbar fun bagi bonus gila parah anjir modal receh wd
"Gilaa sih videeonyaa, keereen baangeet sumpaah! coeeg!!",gilaa sih videeonyaa keereen baangeet sumpaah coeeg,gilaa sih videeonyaa keereen baangeet sumpaah coeeg
Slot jaamin meenaang: putaarxwin.onlinee no tipu seeriusaan gaacor bgt sumpaah!!!!,slot jaamin meenaang putaarxwin onlinee no tipu seeriusaan gaacor bgt sumpaah,slot jaamin meenaang putaarxwin onlinee no tipu seeriusaan gaacor bgt sumpaah
"Gw nonton ini saambil maakaan, aauto keeseeleek wkwk. baangeet sih",gw nonton ini saambil maakaan aauto keeseeleek wkwk baangeet sih,gw nonton saambil maakaan aauto keeseeleek wkwk baangeet sih
DAFTAR DI bonusku77.store langsung auto WD coeg modal receh bisa WD!! ðŸ˜‚,daftar di bonusku store langsung auto wd coeg modal receh bisa wd,daftar bonusku store langsung auto wd coeg modal receh wd
jebolanmaxwin.idn hadiah tiap hari real wkwkwk real no hoax!,jebolanmaxwin idn hadiah tiap hari real wkwkwk real no hoax,jebolanmaxwin idn hadiah tiap hari real wkwkwk real no hoax
anjir ini lucu banget fix ngakak wkwkwk,anjir ini lucu banget fix ngakak wkwkwk,anjir lucu banget fix ngakak wkwkwk
"Gw nonton ini sambil makan, auto keselek wkwk. coeg!",gw nonton ini sambil makan auto keselek wkwk coeg,gw nonton sambil makan auto keselek wkwk coeg
Sumpah relatable banget wkwk seriusan ðŸ¤£ðŸ¤£,sumpah relatable banget wkwk seriusan,sumpah relatable banget wkwk seriusan
slotbarbar.fun lagi bagi bonus gila parah wkwkwk modal receh bisa WD!!,slotbarbar fun lagi bagi bonus gila parah wkwkwk modal receh bisa wd,slotbarbar fun bagi bonus gila parah wkwkwk modal receh wd
Slot jamin menang: putarxwin.online no tipu wkwkwk no tipu2 bray! ðŸ¤£ðŸ¤£,slot jamin menang putarxwin online no tipu wkwkwk no tipu bray,slot jamin menang putarxwin online no tipu wkwkwk no tipu bray
Permisi kak mau bagi link resmi: kasinoseru.fun wkwkwk tanpa ribet coeg!,permisi kak mau bagi link resmi kasinoseru fun wkwkwk tanpa ribet coeg,permisi kak mau link resmi kasinoseru fun wkwkwk ribet coeg
Cuma di SP1NMAX bisa menang 20jt sehari gaskeun langsung gaskeun! ðŸ˜‚!!,cuma di sp nmax bisa menang jt sehari gaskeun langsung gaskeun,cuma sp nmax menang jt sehari gaskeun langsung gaskeun
Sumpah relatable banget wkwk anjir ðŸ”¥!!,sumpah relatable banget wkwk anjir,sumpah relatable banget wkwk anjir
"Gila sih videonya, keren banget sumpah! banget sih ðŸ˜Ž",gila sih videonya keren banget sumpah banget sih,gila sih videonya keren banget sumpah banget sih
Admin bagi link nih: hokiroom777.click JP tiap malam gaskeun real no hoax!!!,admin bagi link nih hokiroom click jp tiap malam gaskeun real no hoax,admin link nih hokiroom click jp tiap malam gaskeun real no hoax
spinbosszz.live gacor terus asli anjay tanpa ribet coeg! ðŸ¤£ðŸ¤£,spinbosszz live gacor terus asli anjay tanpa ribet coeg,spinbosszz live gacor terus asli anjay ribet coeg
spinbosszz.live gacor terus asli auto modal receh bisa WD!!,spinbosszz live gacor terus asli auto modal receh bisa wd,spinbosszz live gacor terus asli auto modal receh wd
thanks bang udah bikin konten sekeren ini anjir ðŸ˜­!!!,thanks bang udah bikin konten sekeren ini anjir,thanks bang udah bikin konten sekeren anjir
Dorangue88 lagi bagi freebet 25k tanpa deposit anjir no tipu2 bray!,dorangue lagi bagi freebet k tanpa deposit anjir no tipu bray,dorangue bagi freebet k deposit anjir no tipu bray
Kalo mau menang slot coba ke 'slotcepet.xyz' gacor parah auto gacor bgt sumpah! ðŸ˜­,kalo mau menang slot coba ke slotcepet xyz gacor parah auto gacor bgt sumpah,kalo mau menang slot coba slotcepet xyz gacor parah auto gacor bgt sumpah
"Gw baaru taau info ini, maakaasih baangeet yaa! cmn",gw baaru taau info ini maakaasih baangeet yaa cmn,gw baaru taau info maakaasih baangeet yaa cmn
Sumpah relatable banget wkwk wkwkwk,sumpah relatable banget wkwk wkwkwk,sumpah relatable banget wkwk wkwkwk
Doraanguee88 laagi baagi freeeebeet 25k taanpaa deeposit bro gaacor bgt sumpaah!,doraanguee laagi baagi freeeebeet k taanpaa deeposit bro gaacor bgt sumpaah,doraanguee laagi baagi freeeebeet k taanpaa deeposit bro gaacor bgt sumpaah
Permisi kak mau bagi link resmi: kasinoseru.fun coeg tanpa ribet coeg! ðŸ˜³,permisi kak mau bagi link resmi kasinoseru fun coeg tanpa ribet coeg,permisi kak mau link resmi kasinoseru fun coeg ribet coeg
"Gw nonton ini sambil makan, auto keselek wkwk. gaskeun ðŸ˜³!",gw nonton ini sambil makan auto keselek wkwk gaskeun,gw nonton sambil makan auto keselek wkwk gaskeun
anjay gw kira cringe tapi ternyata keren anjir,anjay gw kira cringe tapi ternyata keren anjir,anjay gw kira cringe ternyata keren anjir
WEB VIRAL nih: C3uanGampang dot fun asli cuan! auto buruan daftar!,web viral nih c uangampang dot fun asli cuan auto buruan daftar,web viral nih c uangampang dot fun asli cuan auto buruan daftar
Kalo mau menang slot coba ke 'slotcepet.xyz' gacor parah bray tanpa ribet coeg!,kalo mau menang slot coba ke slotcepet xyz gacor parah bray tanpa ribet coeg,kalo mau menang slot coba slotcepet xyz gacor parah bray ribet coeg
Slot jamin menang: putarxwin.online no tipu parah sih real no hoax!,slot jamin menang putarxwin online no tipu parah sih real no hoax,slot jamin menang putarxwin online no tipu parah sih real no hoax
Admin bagi link nih: hokiroom777.click JP tiap malam coeg tanpa ribet coeg!,admin bagi link nih hokiroom click jp tiap malam coeg tanpa ribet coeg,admin link nih hokiroom click jp tiap malam coeg ribet coeg
thanks bang udah bikin konten sekeren ini coeg,thanks bang udah bikin konten sekeren ini coeg,thanks bang udah bikin konten sekeren coeg
Slot jamin menang: putarxwin.online no tipu gasken gacor bgt sumpah!,slot jamin menang putarxwin online no tipu gasken gacor bgt sumpah,slot jamin menang putarxwin online no tipu gasken gacor bgt sumpah
Tolong bikin part 2 bang! bro,tolong bikin part bang bro,bikin part bang bro
coba main di maxwinninja.vip sumpah hoki bgt wkwkwk real no hoax!!,coba main di maxwinninja vip sumpah hoki bgt wkwkwk real no hoax,coba main maxwinninja vip sumpah hoki bgt wkwkwk real no hoax
buset editingnya cakep parah coeg anjir ðŸ˜­,buset editingnya cakep parah coeg anjir,buset editingnya cakep parah coeg anjir
Dorangue88 lagi bagi freebet 25k tanpa deposit gasken langsung gaskeun! ðŸ˜Ž,dorangue lagi bagi freebet k tanpa deposit gasken langsung gaskeun,dorangue bagi freebet k deposit gasken langsung gaskeun
jebolanmaxwin.idn hadiah tiap hari real banget sih gacor bgt sumpah!!!!,jebolanmaxwin idn hadiah tiap hari real banget sih gacor bgt sumpah,jebolanmaxwin idn hadiah tiap hari real banget sih gacor bgt sumpah
"Wuih editingnya halus banget, respect! seriusan",wuih editingnya halus banget respect seriusan,wuih editingnya halus banget respect seriusan
Slot jamin menang: putarxwin.online no tipu coeg tanpa ribet coeg!,slot jamin menang putarxwin online no tipu coeg tanpa ribet coeg,slot jamin menang putarxwin online no tipu coeg ribet coeg
Slot jamin menang: putarxwin.online no tipu auto gacor bgt sumpah!,slot jamin menang putarxwin online no tipu auto gacor bgt sumpah,slot jamin menang putarxwin online no tipu auto gacor bgt sumpah
Cek situs: wajibgacor.site jackpot tiap spin wkwkwk gacor bgt sumpah! ðŸ˜Ž,cek situs wajibgacor site jackpot tiap spin wkwkwk gacor bgt sumpah,cek situs wajibgacor site jackpot tiap spin wkwkwk gacor bgt sumpah
"Wuih editingnya halus banget, respect! wkwkwk",wuih editingnya halus banget respect wkwkwk,wuih editingnya halus banget respect wkwkwk
anjay gw kira cringe tapi ternyata keren gaskeun ðŸ¤£ðŸ¤£,anjay gw kira cringe tapi ternyata keren gaskeun,anjay gw kira cringe ternyata keren gaskeun
Kaalo maau meenaang slot cobaa kee 'slotceepeet.xyz' gaacor paaraah aauto laangsung gaaskeeun!,kaalo maau meenaang slot cobaa kee slotceepeet xyz gaacor paaraah aauto laangsung gaaskeeun,kaalo maau meenaang slot cobaa kee slotceepeet xyz gaacor paaraah aauto laangsung gaaskeeun
Dorangue88 lagi bagi freebet 25k tanpa deposit seriusan gacor bgt sumpah!,dorangue lagi bagi freebet k tanpa deposit seriusan gacor bgt sumpah,dorangue bagi freebet k deposit seriusan gacor bgt sumpah
Dorangue88 lagi bagi freebet 25k tanpa deposit gasken buruan daftar!,dorangue lagi bagi freebet k tanpa deposit gasken buruan daftar,dorangue bagi freebet k deposit gasken buruan daftar
spinbosszz.live gacor terus asli auto modal receh bisa WD!!,spinbosszz live gacor terus asli auto modal receh bisa wd,spinbosszz live gacor terus asli auto modal receh wd
"Wuih editingnya halus banget, respect! wkwkwk!!",wuih editingnya halus banget respect wkwkwk,wuih editingnya halus banget respect wkwkwk
slotbarbar.fun lagi bagi bonus gila parah parah sih gacor bgt sumpah!!!!,slotbarbar fun lagi bagi bonus gila parah parah sih gacor bgt sumpah,slotbarbar fun bagi bonus gila parah parah sih gacor bgt sumpah
Admin bagi link nih: hokiroom777.click JP tiap malam coeg no tipu2 bray! ðŸ˜Ž,admin bagi link nih hokiroom click jp tiap malam coeg no tipu bray,admin link nih hokiroom click jp tiap malam coeg no tipu bray
"Gw baru tau info ini, makasih banget ya! auto",gw baru tau info ini makasih banget ya auto,gw baru tau info makasih banget auto
Cuma di SP1NMAX bisa menang 20jt sehari anjir gacor bgt sumpah!,cuma di sp nmax bisa menang jt sehari anjir gacor bgt sumpah,cuma sp nmax menang jt sehari anjir gacor bgt sumpah
Bro visit web judi â€˜JUDAY88â€™ menang terus sumpah fix real no hoax!,bro visit web judi juday menang terus sumpah fix real no hoax,bro visit web judi juday menang terus sumpah fix real no hoax
DAFTAR DI bonusku77.store langsung auto WD cuan gacor bgt sumpah! ðŸ¤£ðŸ¤£,daftar di bonusku store langsung auto wd cuan gacor bgt sumpah,daftar bonusku store langsung auto wd cuan gacor bgt sumpah
"Wuih editingnya halus banget, respect! gasken",wuih editingnya halus banget respect gasken,wuih editingnya halus banget respect gasken
slotbaarbaar.fun laagi baagi bonus gilaa paaraah braay buruaan daaftaar!!!,slotbaarbaar fun laagi baagi bonus gilaa paaraah braay buruaan daaftaar,slotbaarbaar fun laagi baagi bonus gilaa paaraah braay buruaan daaftaar
"Gw baru tau info ini, makasih banget ya! coeg",gw baru tau info ini makasih banget ya coeg,gw baru tau info makasih banget coeg
Kalo mau menang slot coba ke 'slotcepet.xyz' gacor parah coeg no tipu2 bray!,kalo mau menang slot coba ke slotcepet xyz gacor parah coeg no tipu bray,kalo mau menang slot coba slotcepet xyz gacor parah coeg no tipu bray
anjir ini lucu banget fix ngakak coeg,anjir ini lucu banget fix ngakak coeg,anjir lucu banget fix ngakak coeg
Tolong bikin part 2 bang! auto!!!,tolong bikin part bang auto,bikin part bang auto
spinbosszz.live gacor terus asli gasken buruan daftar!,spinbosszz live gacor terus asli gasken buruan daftar,spinbosszz live gacor terus asli gasken buruan daftar
"Mantap bang, lanjutkan kontennya! auto ðŸ˜³",mantap bang lanjutkan kontennya auto,mantap bang lanjutkan kontennya auto
Slot jamin menang: putarxwin.online no tipu anjir langsung gaskeun!,slot jamin menang putarxwin online no tipu anjir langsung gaskeun,slot jamin menang putarxwin online no tipu anjir langsung gaskeun
"Wuih editingnya halus banget, respect! cmn",wuih editingnya halus banget respect cmn,wuih editingnya halus banget respect cmn
Admin bagi link nih: hokiroom777.click JP tiap malam coeg no tipu2 bray!!!,admin bagi link nih hokiroom click jp tiap malam coeg no tipu bray,admin link nih hokiroom click jp tiap malam coeg no tipu bray
thanks bang udah bikin konten sekeren ini wkwkwk,thanks bang udah bikin konten sekeren ini wkwkwk,thanks bang udah bikin konten sekeren wkwkwk
"Gila sih videonya, keren banget sumpah! gaskeun!!!",gila sih videonya keren banget sumpah gaskeun,gila sih videonya keren banget sumpah gaskeun
DAFTAR DI bonusku77.store langsung auto WD bray langsung gaskeun!,daftar di bonusku store langsung auto wd bray langsung gaskeun,daftar bonusku store langsung auto wd bray langsung gaskeun
"Wuih editingnya halus banget, respect! auto",wuih editingnya halus banget respect auto,wuih editingnya halus banget respect auto
Tolong bikin part 2 bang! fix,tolong bikin part bang fix,bikin part bang fix
Cuma di SP1NMAX bisa menang 20jt sehari wkwkwk tanpa ribet coeg! ðŸ˜Ž!,cuma di sp nmax bisa menang jt sehari wkwkwk tanpa ribet coeg,cuma sp nmax menang jt sehari wkwkwk ribet coeg
slotbarbar.fun lagi bagi bonus gila parah parah sih real no hoax! ðŸ˜­,slotbarbar fun lagi bagi bonus gila parah parah sih real no hoax,slotbarbar fun bagi bonus gila parah parah sih real no hoax
Admin bagi link nih: hokiroom777.click JP tiap malam wkwkwk buruan daftar!,admin bagi link nih hokiroom click jp tiap malam wkwkwk buruan daftar,admin link nih hokiroom click jp tiap malam wkwkwk buruan daftar
kok bisa sebagus ini sih parah banget gaskeun ðŸ˜‚,kok bisa sebagus ini sih parah banget gaskeun,kok sebagus sih parah banget gaskeun
Permisi kak mau bagi link resmi: kasinoseru.fun bro gacor bgt sumpah!!,permisi kak mau bagi link resmi kasinoseru fun bro gacor bgt sumpah,permisi kak mau link resmi kasinoseru fun bro gacor bgt sumpah
Asli ini konten paling niat yang pernah gw liat. fix ðŸ˜‚,asli ini konten paling niat yang pernah gw liat fix,asli konten paling niat pernah gw liat fix
Haha ngakak parah liat bagian ini auto,haha ngakak parah liat bagian ini auto,haha ngakak parah liat bagian auto
thaanks baang udaah bikin konteen seekeereen ini coeeg!,thaanks baang udaah bikin konteen seekeereen ini coeeg,thaanks baang udaah bikin konteen seekeereen coeeg
Admin bagi link nih: hokiroom777.click JP tiap malam coeg gacor bgt sumpah!,admin bagi link nih hokiroom click jp tiap malam coeg gacor bgt sumpah,admin link nih hokiroom click jp tiap malam coeg gacor bgt sumpah
Cuma di SP1NMAX bisa menang 20jt sehari cmn modal receh bisa WD!!,cuma di sp nmax bisa menang jt sehari cmn modal receh bisa wd,cuma sp nmax menang jt sehari cmn modal receh wd
slotbaarbaar.fun laagi baagi bonus gilaa paaraah baangeet sih gaacor bgt sumpaah! ðŸ¤£ðŸ¤£,slotbaarbaar fun laagi baagi bonus gilaa paaraah baangeet sih gaacor bgt sumpaah,slotbaarbaar fun laagi baagi bonus gilaa paaraah baangeet sih gaacor bgt sumpaah
Tolong bikin part 2 bang! banget sih ðŸ˜­,tolong bikin part bang banget sih,bikin part bang banget sih
"Wuih editingnya halus banget, respect! wkwkwk",wuih editingnya halus banget respect wkwkwk,wuih editingnya halus banget respect wkwkwk
jebolanmaxwin.idn hadiah tiap hari real wkwkwk gacor bgt sumpah!,jebolanmaxwin idn hadiah tiap hari real wkwkwk gacor bgt sumpah,jebolanmaxwin idn hadiah tiap hari real wkwkwk gacor bgt sumpah
Haha ngakak parah liat bagian ini gaskeun ðŸ¤£ðŸ¤£,haha ngakak parah liat bagian ini gaskeun,haha ngakak parah liat bagian gaskeun
"Mantap bang, lanjutkan kontennya! anjir",mantap bang lanjutkan kontennya anjir,mantap bang lanjutkan kontennya anjir
Haha ngakak parah liat bagian ini gasken,haha ngakak parah liat bagian ini gasken,haha ngakak parah liat bagian gasken
Cek situs: wajibgacor.site jackpot tiap spin gasken buruan daftar!,cek situs wajibgacor site jackpot tiap spin gasken buruan daftar,cek situs wajibgacor site jackpot tiap spin gasken buruan daftar
Bro visit web judi â€˜JUDAY88â€™ menang terus sumpah banget sih real no hoax!,bro visit web judi juday menang terus sumpah banget sih real no hoax,bro visit web judi juday menang terus sumpah banget sih real no hoax
gampang menang di cuanmaniazz.site gaskeun bro gacor bgt sumpah! ðŸ˜‚,gampang menang di cuanmaniazz site gaskeun bro gacor bgt sumpah,gampang menang cuanmaniazz site gaskeun bro gacor bgt sumpah
Cek situs: wajibgacor.site jackpot tiap spin seriusan tanpa ribet coeg! ðŸ˜³,cek situs wajibgacor site jackpot tiap spin seriusan tanpa ribet coeg,cek situs wajibgacor site jackpot tiap spin seriusan ribet coeg
Cek situs: wajibgacor.site jackpot tiap spin fix langsung gaskeun!,cek situs wajibgacor site jackpot tiap spin fix langsung gaskeun,cek situs wajibgacor site jackpot tiap spin fix langsung gaskeun
kok bisa sebagus ini sih parah banget gasken ðŸ˜­,kok bisa sebagus ini sih parah banget gasken,kok sebagus sih parah banget gasken
Sumpah relatable banget wkwk wkwkwk,sumpah relatable banget wkwk wkwkwk,sumpah relatable banget wkwk wkwkwk
Bro visit web judi â€˜JUDAY88â€™ menang terus sumpah bro gacor bgt sumpah!,bro visit web judi juday menang terus sumpah bro gacor bgt sumpah,bro visit web judi juday menang terus sumpah bro gacor bgt sumpah
thanks bang udah bikin konten sekeren ini gasken,thanks bang udah bikin konten sekeren ini gasken,thanks bang udah bikin konten sekeren gasken
jeebolaanmaaxwin.idn haadiaah tiaap haari reeaal wkwkwk laangsung gaaskeeun!,jeebolaanmaaxwin idn haadiaah tiaap haari reeaal wkwkwk laangsung gaaskeeun,jeebolaanmaaxwin idn haadiaah tiaap haari reeaal wkwkwk laangsung gaaskeeun
gaampaang meenaang di cuaanmaaniaazz.sitee gaaskeeun cuaan no tipu2 braay! ðŸ˜³!!,gaampaang meenaang di cuaanmaaniaazz sitee gaaskeeun cuaan no tipu braay,gaampaang meenaang cuaanmaaniaazz sitee gaaskeeun cuaan no tipu braay
jebolanmaxwin.idn hadiah tiap hari real banget sih langsung gaskeun!,jebolanmaxwin idn hadiah tiap hari real banget sih langsung gaskeun,jebolanmaxwin idn hadiah tiap hari real banget sih langsung gaskeun
Cuma di SP1NMAX bisa menang 20jt sehari gaskeun no tipu2 bray! ðŸ˜­,cuma di sp nmax bisa menang jt sehari gaskeun no tipu bray,cuma sp nmax menang jt sehari gaskeun no tipu bray
Dorangue88 lagi bagi freebet 25k tanpa deposit cuan modal receh bisa WD!!,dorangue lagi bagi freebet k tanpa deposit cuan modal receh bisa wd,dorangue bagi freebet k deposit cuan modal receh wd
thanks bang udah bikin konten sekeren ini cmn,thanks bang udah bikin konten sekeren ini cmn,thanks bang udah bikin konten sekeren cmn
Cuma di SP1NMAX bisa menang 20jt sehari bray tanpa ribet coeg!,cuma di sp nmax bisa menang jt sehari bray tanpa ribet coeg,cuma sp nmax menang jt sehari bray ribet coeg
Cek situs: wajibgacor.site jackpot tiap spin gaskeun langsung gaskeun!,cek situs wajibgacor site jackpot tiap spin gaskeun langsung gaskeun,cek situs wajibgacor site jackpot tiap spin gaskeun langsung gaskeun
Sumpah relatable banget wkwk cmn ðŸ˜Ž,sumpah relatable banget wkwk cmn,sumpah relatable banget wkwk cmn
Dorangue88 lagi bagi freebet 25k tanpa deposit anjay tanpa ribet coeg!,dorangue lagi bagi freebet k tanpa deposit anjay tanpa ribet coeg,dorangue bagi freebet k deposit anjay ribet coeg
anjir ini lucu banget fix ngakak anjir,anjir ini lucu banget fix ngakak anjir,anjir lucu banget fix ngakak anjir
Tolong bikin paart 2 baang! coeeg!!,tolong bikin paart baang coeeg,bikin paart baang coeeg
Bro visit web judi â€˜JUDAY88â€™ menang terus sumpah bray real no hoax!,bro visit web judi juday menang terus sumpah bray real no hoax,bro visit web judi juday menang terus sumpah bray real no hoax
"Gw baaru taau info ini, maakaasih baangeet yaa! fix",gw baaru taau info ini maakaasih baangeet yaa fix,gw baaru taau info maakaasih baangeet yaa fix
anjir ini lucu banget fix ngakak cmn,anjir ini lucu banget fix ngakak cmn,anjir lucu banget fix ngakak cmn
Cek situs: wajibgacor.site jackpot tiap spin cmn modal receh bisa WD!! ðŸ˜‚,cek situs wajibgacor site jackpot tiap spin cmn modal receh bisa wd,cek situs wajibgacor site jackpot tiap spin cmn modal receh wd
"Wuih editingnya halus banget, respect! bray ðŸ˜‚",wuih editingnya halus banget respect bray,wuih editingnya halus banget respect bray
"Mantap bang, lanjutkan kontennya! bray ðŸ˜‚!",mantap bang lanjutkan kontennya bray,mantap bang lanjutkan kontennya bray
"Mantap bang, lanjutkan kontennya! cuan",mantap bang lanjutkan kontennya cuan,mantap bang lanjutkan kontennya cuan
Haha ngakak parah liat bagian ini coeg,haha ngakak parah liat bagian ini coeg,haha ngakak parah liat bagian coeg
Permisi kak mau bagi link resmi: kasinoseru.fun cuan langsung gaskeun!,permisi kak mau bagi link resmi kasinoseru fun cuan langsung gaskeun,permisi kak mau link resmi kasinoseru fun cuan langsung gaskeun
Cek situs: wajibgacor.site jackpot tiap spin seriusan tanpa ribet coeg!!!,cek situs wajibgacor site jackpot tiap spin seriusan tanpa ribet coeg,cek situs wajibgacor site jackpot tiap spin seriusan ribet coeg
Cuma di SP1NMAX bisa menang 20jt sehari bro langsung gaskeun!,cuma di sp nmax bisa menang jt sehari bro langsung gaskeun,cuma sp nmax menang jt sehari bro langsung gaskeun
spinbosszz.live gacor terus asli gasken buruan daftar! ðŸ˜³,spinbosszz live gacor terus asli gasken buruan daftar,spinbosszz live gacor terus asli gasken buruan daftar
Bro visit web judi â€˜JUDAY88â€™ menang terus sumpah cmn no tipu2 bray!!!!,bro visit web judi juday menang terus sumpah cmn no tipu bray,bro visit web judi juday menang terus sumpah cmn no tipu bray
jebolanmaxwin.idn hadiah tiap hari real coeg no tipu2 bray!,jebolanmaxwin idn hadiah tiap hari real coeg no tipu bray,jebolanmaxwin idn hadiah tiap hari real coeg no tipu bray
Admin bagi link nih: hokiroom777.click JP tiap malam anjir tanpa ribet coeg! ðŸ¤£ðŸ¤£,admin bagi link nih hokiroom click jp tiap malam anjir tanpa ribet coeg,admin link nih hokiroom click jp tiap malam anjir ribet coeg
coba main di maxwinninja.vip sumpah hoki bgt bro gacor bgt sumpah! ðŸ˜‚,coba main di maxwinninja vip sumpah hoki bgt bro gacor bgt sumpah,coba main maxwinninja vip sumpah hoki bgt bro gacor bgt sumpah
Asli ini konteen paaling niaat yaang peernaah gw liaat. aanjaay,asli ini konteen paaling niaat yaang peernaah gw liaat aanjaay,asli konteen paaling niaat yaang peernaah gw liaat aanjaay
kok bisa sebagus ini sih parah banget auto ðŸ¤£ðŸ¤£,kok bisa sebagus ini sih parah banget auto,kok sebagus sih parah banget auto
Tolong bikin part 2 bang! seriusan ðŸ¤£ðŸ¤£,tolong bikin part bang seriusan,bikin part bang seriusan
thaanks baang udaah bikin konteen seekeereen ini wkwkwk,thaanks baang udaah bikin konteen seekeereen ini wkwkwk,thaanks baang udaah bikin konteen seekeereen wkwkwk
Permisi kak mau bagi link resmi: kasinoseru.fun anjir real no hoax!,permisi kak mau bagi link resmi kasinoseru fun anjir real no hoax,permisi kak mau link resmi kasinoseru fun anjir real no hoax
gaampaang meenaang di cuaanmaaniaazz.sitee gaaskeeun gaaskeeun taanpaa ribeet coeeg! ðŸ˜­!!!,gaampaang meenaang di cuaanmaaniaazz sitee gaaskeeun gaaskeeun taanpaa ribeet coeeg,gaampaang meenaang cuaanmaaniaazz sitee gaaskeeun gaaskeeun taanpaa ribeet coeeg
kok bisa sebagus ini sih parah banget bro ðŸ˜­,kok bisa sebagus ini sih parah banget bro,kok sebagus sih parah banget bro
"Wuih editingnya halus banget, respect! gasken ðŸ˜³",wuih editingnya halus banget respect gasken,wuih editingnya halus banget respect gasken
coba main di maxwinninja.vip sumpah hoki bgt cmn langsung gaskeun!,coba main di maxwinninja vip sumpah hoki bgt cmn langsung gaskeun,coba main maxwinninja vip sumpah hoki bgt cmn langsung gaskeun
"Gila sih videonya, keren banget sumpah! wkwkwk!",gila sih videonya keren banget sumpah wkwkwk,gila sih videonya keren banget sumpah wkwkwk
Asli ini konten paling niat yang pernah gw liat. fix,asli ini konten paling niat yang pernah gw liat fix,asli konten paling niat pernah gw liat fix
kok bisa sebagus ini sih parah banget bray ðŸ˜­,kok bisa sebagus ini sih parah banget bray,kok sebagus sih parah banget bray
Cuma di SP1NMAX bisa menang 20jt sehari anjay no tipu2 bray!,cuma di sp nmax bisa menang jt sehari anjay no tipu bray,cuma sp nmax menang jt sehari anjay no tipu bray
Kalo mau menang slot coba ke 'slotcepet.xyz' gacor parah bro tanpa ribet coeg!,kalo mau menang slot coba ke slotcepet xyz gacor parah bro tanpa ribet coeg,kalo mau menang slot coba slotcepet xyz gacor parah bro ribet coeg
"Wuih eeditingnyaa haalus baangeet, reespeect! baangeet sih",wuih eeditingnyaa haalus baangeet reespeect baangeet sih,wuih eeditingnyaa haalus baangeet reespeect baangeet sih
anjir ini lucu banget fix ngakak coeg!!,anjir ini lucu banget fix ngakak coeg,anjir lucu banget fix ngakak coeg
"Gw nonton ini sambil makan, auto keselek wkwk. cuan ðŸ˜³",gw nonton ini sambil makan auto keselek wkwk cuan,gw nonton sambil makan auto keselek wkwk cuan
WEB VIRAL nih: C3uanGampang dot fun asli cuan! anjir real no hoax!,web viral nih c uangampang dot fun asli cuan anjir real no hoax,web viral nih c uangampang dot fun asli cuan anjir real no hoax
Peermisi kaak maau baagi link reesmi: kaasinoseeru.fun gaaskeeun taanpaa ribeet coeeg!!,peermisi kaak maau baagi link reesmi kaasinoseeru fun gaaskeeun taanpaa ribeet coeeg,peermisi kaak maau baagi link reesmi kaasinoseeru fun gaaskeeun taanpaa ribeet coeeg
thaanks baang udaah bikin konteen seekeereen ini cuaan!!,thaanks baang udaah bikin konteen seekeereen ini cuaan,thaanks baang udaah bikin konteen seekeereen cuaan
Slot jamin menang: putarxwin.online no tipu banget sih no tipu2 bray! ðŸ˜­,slot jamin menang putarxwin online no tipu banget sih no tipu bray,slot jamin menang putarxwin online no tipu banget sih no tipu bray
Tolong bikin part 2 bang! cuan!!!,tolong bikin part bang cuan,bikin part bang cuan
"Gila sih videonya, keren banget sumpah! anjay",gila sih videonya keren banget sumpah anjay,gila sih videonya keren banget sumpah anjay
kok bisa sebagus ini sih parah banget seriusan,kok bisa sebagus ini sih parah banget seriusan,kok sebagus sih parah banget seriusan
"Mantap bang, lanjutkan kontennya! wkwkwk",mantap bang lanjutkan kontennya wkwkwk,mantap bang lanjutkan kontennya wkwkwk
"Gw nonton ini saambil maakaan, aauto keeseeleek wkwk. gaaskeeun ðŸ˜³",gw nonton ini saambil maakaan aauto keeseeleek wkwk gaaskeeun,gw nonton saambil maakaan aauto keeseeleek wkwk gaaskeeun
spinbosszz.live gacor terus asli bro no tipu2 bray!,spinbosszz live gacor terus asli bro no tipu bray,spinbosszz live gacor terus asli bro no tipu bray
anjay gw kira cringe tapi ternyata keren cuan,anjay gw kira cringe tapi ternyata keren cuan,anjay gw kira cringe ternyata keren cuan
WEB VIRAL nih: C3uanGampang dot fun asli cuan! auto tanpa ribet coeg!,web viral nih c uangampang dot fun asli cuan auto tanpa ribet coeg,web viral nih c uangampang dot fun asli cuan auto ribet coeg
Kalo mau menang slot coba ke 'slotcepet.xyz' gacor parah banget sih gacor bgt sumpah! ðŸ˜­!!!,kalo mau menang slot coba ke slotcepet xyz gacor parah banget sih gacor bgt sumpah,kalo mau menang slot coba slotcepet xyz gacor parah banget sih gacor bgt sumpah
"Gila sih videonya, keren banget sumpah! coeg",gila sih videonya keren banget sumpah coeg,gila sih videonya keren banget sumpah coeg
buset editingnya cakep parah coeg bro,buset editingnya cakep parah coeg bro,buset editingnya cakep parah coeg bro
"Gw baru tau info ini, makasih banget ya! coeg!!!",gw baru tau info ini makasih banget ya coeg,gw baru tau info makasih banget coeg
DAFTAR DI bonusku77.storee laangsung aauto WD cmn buruaan daaftaar!,daftar di bonusku storee laangsung aauto wd cmn buruaan daaftaar,daftar bonusku storee laangsung aauto wd cmn buruaan daaftaar
"Wuih editingnya halus banget, respect! anjir",wuih editingnya halus banget respect anjir,wuih editingnya halus banget respect anjir
coba main di maxwinninja.vip sumpah hoki bgt bro modal receh bisa WD!! ðŸ˜Ž,coba main di maxwinninja vip sumpah hoki bgt bro modal receh bisa wd,coba main maxwinninja vip sumpah hoki bgt bro modal receh wd
kok bisaa seebaagus ini sih paaraah baangeet aanjir,kok bisaa seebaagus ini sih paaraah baangeet aanjir,kok bisaa seebaagus sih paaraah baangeet aanjir
Admin baagi link nih: hokiroom777.click JP tiaap maalaam bro laangsung gaaskeeun! ðŸ˜Ž,admin baagi link nih hokiroom click jp tiaap maalaam bro laangsung gaaskeeun,admin baagi link nih hokiroom click jp tiaap maalaam bro laangsung gaaskeeun
