index,comment_text,label
0,Bro visit web judi â€˜JUDAY88â€™ menang terus sumpah bray tanpa ribet coeg! ğŸ¤£ğŸ¤£,
1,Kalo mau menang slot coba ke 'slotcepet.xyz' gacor parah coeg langsung gaskeun! ğŸ˜‚,
2,"Wuih editingnya halus banget, respect! bray",
3,gampang menang di cuanmaniazz.site gaskeun cmn buruan daftar!!!,
4,thanks bang udah bikin konten sekeren ini fix ğŸ˜­!!,
5,slotbarbar.fun lagi bagi bonus gila parah gasken modal receh bisa WD!! ğŸ˜­!!,
6,spinbosszz.live gacor terus asli fix modal receh bisa WD!! ğŸ˜‚!,
7,spinbosszz.live gacor terus asli cuan gacor bgt sumpah! ğŸ”¥,
8,Sumpah relatable banget wkwk cuan,
9,anjir ini lucu banget fix ngakak parah sih,
10,anjay gw kira cringe tapi ternyata keren bro,
11,Bro visit weeb judi â€˜JUDAY88â€™ meenaang teerus sumpaah cuaan gaacor bgt sumpaah! ğŸ”¥,
12,Admin bagi link nih: hokiroom777.click JP tiap malam seriusan no tipu2 bray!,
13,Cek situs: wajibgacor.site jackpot tiap spin parah sih tanpa ribet coeg! ğŸ˜,
14,jeebolaanmaaxwin.idn haadiaah tiaap haari reeaal coeeg laangsung gaaskeeun!,
15,thanks bang udah bikin konten sekeren ini anjay!,
16,Haha ngakak parah liat bagian ini auto,
17,spinbosszz.live gacor terus asli anjay no tipu2 bray!,
18,anjir ini lucu banget fix ngakak fix ğŸ˜­!,
19,Cuma di SP1NMAX bisa menang 20jt sehari gaskeun gacor bgt sumpah! ğŸ˜‚,
20,Admin bagi link nih: hokiroom777.click JP tiap malam cuan real no hoax!!!!,
21,Cek situs: wajibgacor.site jackpot tiap spin anjay buruan daftar!,
22,"Gilaa sih videeonyaa, keereen baangeet sumpaah! cuaan",
23,Haha ngakak parah liat bagian ini anjir!!!,
24,Cuma di SP1NMAX bisa menang 20jt sehari gaskeun gacor bgt sumpah!,
25,slotbarbar.fun lagi bagi bonus gila parah cuan no tipu2 bray!,
26,Tolong bikin part 2 bang! gasken ğŸ¤£ğŸ¤£!,
27,"Wuih editingnya halus banget, respect! anjay ğŸ˜!",
28,Kaalo maau meenaang slot cobaa kee 'slotceepeet.xyz' gaacor paaraah gaaskeeun reeaal no hoaax! ğŸ˜­,
29,Admin bagi link nih: hokiroom777.click JP tiap malam coeg langsung gaskeun! ğŸ˜­,
30,"Keren nih, jadi pengen coba juga. fix",
31,coba main di maxwinninja.vip sumpah hoki bgt banget sih buruan daftar!,
32,"Wuih editingnya halus banget, respect! gaskeun",
33,anjay gw kira cringe tapi ternyata keren banget sih,
34,Tolong bikin part 2 bang! cmn ğŸ˜‚,
35,Asli ini konten paling niat yang pernah gw liat. gasken ğŸ˜­,
36,"Keren nih, jadi pengen coba juga. wkwkwk",
37,slotbarbar.fun lagi bagi bonus gila parah anjir modal receh bisa WD!!,
38,"Gilaa sih videeonyaa, keereen baangeet sumpaah! coeeg!!",
39,Slot jaamin meenaang: putaarxwin.onlinee no tipu seeriusaan gaacor bgt sumpaah!!!!,
40,"Gw nonton ini saambil maakaan, aauto keeseeleek wkwk. baangeet sih",
41,DAFTAR DI bonusku77.store langsung auto WD coeg modal receh bisa WD!! ğŸ˜‚,
42,jebolanmaxwin.idn hadiah tiap hari real wkwkwk real no hoax!,
43,anjir ini lucu banget fix ngakak wkwkwk,
44,"Gw nonton ini sambil makan, auto keselek wkwk. coeg!",
45,Sumpah relatable banget wkwk seriusan ğŸ¤£ğŸ¤£,
46,slotbarbar.fun lagi bagi bonus gila parah wkwkwk modal receh bisa WD!!,
47,Slot jamin menang: putarxwin.online no tipu wkwkwk no tipu2 bray! ğŸ¤£ğŸ¤£,
48,Permisi kak mau bagi link resmi: kasinoseru.fun wkwkwk tanpa ribet coeg!,
49,Cuma di SP1NMAX bisa menang 20jt sehari gaskeun langsung gaskeun! ğŸ˜‚!!,
50,Sumpah relatable banget wkwk anjir ğŸ”¥!!,
51,"Gila sih videonya, keren banget sumpah! banget sih ğŸ˜",
52,Admin bagi link nih: hokiroom777.click JP tiap malam gaskeun real no hoax!!!,
53,spinbosszz.live gacor terus asli anjay tanpa ribet coeg! ğŸ¤£ğŸ¤£,
54,spinbosszz.live gacor terus asli auto modal receh bisa WD!!,
55,thanks bang udah bikin konten sekeren ini anjir ğŸ˜­!!!,
56,Dorangue88 lagi bagi freebet 25k tanpa deposit anjir no tipu2 bray!,
57,Kalo mau menang slot coba ke 'slotcepet.xyz' gacor parah auto gacor bgt sumpah! ğŸ˜­,
58,"Gw baaru taau info ini, maakaasih baangeet yaa! cmn",
59,Sumpah relatable banget wkwk wkwkwk,
60,Doraanguee88 laagi baagi freeeebeet 25k taanpaa deeposit bro gaacor bgt sumpaah!,
61,Permisi kak mau bagi link resmi: kasinoseru.fun coeg tanpa ribet coeg! ğŸ˜³,
62,"Gw nonton ini sambil makan, auto keselek wkwk. gaskeun ğŸ˜³!",
63,anjay gw kira cringe tapi ternyata keren anjir,
64,WEB VIRAL nih: C3uanGampang dot fun asli cuan! auto buruan daftar!,
65,Kalo mau menang slot coba ke 'slotcepet.xyz' gacor parah bray tanpa ribet coeg!,
66,Slot jamin menang: putarxwin.online no tipu parah sih real no hoax!,
67,Admin bagi link nih: hokiroom777.click JP tiap malam coeg tanpa ribet coeg!,
68,thanks bang udah bikin konten sekeren ini coeg,
69,Slot jamin menang: putarxwin.online no tipu gasken gacor bgt sumpah!,
70,Tolong bikin part 2 bang! bro,
71,coba main di maxwinninja.vip sumpah hoki bgt wkwkwk real no hoax!!,
72,buset editingnya cakep parah coeg anjir ğŸ˜­,
73,Dorangue88 lagi bagi freebet 25k tanpa deposit gasken langsung gaskeun! ğŸ˜,
74,jebolanmaxwin.idn hadiah tiap hari real banget sih gacor bgt sumpah!!!!,
75,"Wuih editingnya halus banget, respect! seriusan",
76,Slot jamin menang: putarxwin.online no tipu coeg tanpa ribet coeg!,
77,Slot jamin menang: putarxwin.online no tipu auto gacor bgt sumpah!,
78,Cek situs: wajibgacor.site jackpot tiap spin wkwkwk gacor bgt sumpah! ğŸ˜,
79,"Wuih editingnya halus banget, respect! wkwkwk",
80,anjay gw kira cringe tapi ternyata keren gaskeun ğŸ¤£ğŸ¤£,
81,Kaalo maau meenaang slot cobaa kee 'slotceepeet.xyz' gaacor paaraah aauto laangsung gaaskeeun!,
82,Dorangue88 lagi bagi freebet 25k tanpa deposit seriusan gacor bgt sumpah!,
83,Dorangue88 lagi bagi freebet 25k tanpa deposit gasken buruan daftar!,
84,spinbosszz.live gacor terus asli auto modal receh bisa WD!!,
85,"Wuih editingnya halus banget, respect! wkwkwk!!",
86,slotbarbar.fun lagi bagi bonus gila parah parah sih gacor bgt sumpah!!!!,
87,Admin bagi link nih: hokiroom777.click JP tiap malam coeg no tipu2 bray! ğŸ˜,
88,"Gw baru tau info ini, makasih banget ya! auto",
89,Cuma di SP1NMAX bisa menang 20jt sehari anjir gacor bgt sumpah!,
90,Bro visit web judi â€˜JUDAY88â€™ menang terus sumpah fix real no hoax!,
91,DAFTAR DI bonusku77.store langsung auto WD cuan gacor bgt sumpah! ğŸ¤£ğŸ¤£,
92,"Wuih editingnya halus banget, respect! gasken",
93,slotbaarbaar.fun laagi baagi bonus gilaa paaraah braay buruaan daaftaar!!!,
94,"Gw baru tau info ini, makasih banget ya! coeg",
95,Kalo mau menang slot coba ke 'slotcepet.xyz' gacor parah coeg no tipu2 bray!,
96,anjir ini lucu banget fix ngakak coeg,
97,Tolong bikin part 2 bang! auto!!!,
98,spinbosszz.live gacor terus asli gasken buruan daftar!,
99,"Mantap bang, lanjutkan kontennya! auto ğŸ˜³",
100,Slot jamin menang: putarxwin.online no tipu anjir langsung gaskeun!,
101,"Wuih editingnya halus banget, respect! cmn",
102,Admin bagi link nih: hokiroom777.click JP tiap malam coeg no tipu2 bray!!!,
103,thanks bang udah bikin konten sekeren ini wkwkwk,
104,"Gila sih videonya, keren banget sumpah! gaskeun!!!",
105,DAFTAR DI bonusku77.store langsung auto WD bray langsung gaskeun!,
106,"Wuih editingnya halus banget, respect! auto",
107,Tolong bikin part 2 bang! fix,
108,Cuma di SP1NMAX bisa menang 20jt sehari wkwkwk tanpa ribet coeg! ğŸ˜!,
109,slotbarbar.fun lagi bagi bonus gila parah parah sih real no hoax! ğŸ˜­,
110,Admin bagi link nih: hokiroom777.click JP tiap malam wkwkwk buruan daftar!,
111,kok bisa sebagus ini sih parah banget gaskeun ğŸ˜‚,
112,Permisi kak mau bagi link resmi: kasinoseru.fun bro gacor bgt sumpah!!,
113,Asli ini konten paling niat yang pernah gw liat. fix ğŸ˜‚,
114,Haha ngakak parah liat bagian ini auto,
115,thaanks baang udaah bikin konteen seekeereen ini coeeg!,
116,Admin bagi link nih: hokiroom777.click JP tiap malam coeg gacor bgt sumpah!,
117,Cuma di SP1NMAX bisa menang 20jt sehari cmn modal receh bisa WD!!,
118,slotbaarbaar.fun laagi baagi bonus gilaa paaraah baangeet sih gaacor bgt sumpaah! ğŸ¤£ğŸ¤£,
119,Tolong bikin part 2 bang! banget sih ğŸ˜­,
120,"Wuih editingnya halus banget, respect! wkwkwk",
121,jebolanmaxwin.idn hadiah tiap hari real wkwkwk gacor bgt sumpah!,
122,Haha ngakak parah liat bagian ini gaskeun ğŸ¤£ğŸ¤£,
123,"Mantap bang, lanjutkan kontennya! anjir",
124,Haha ngakak parah liat bagian ini gasken,
125,Cek situs: wajibgacor.site jackpot tiap spin gasken buruan daftar!,
126,Bro visit web judi â€˜JUDAY88â€™ menang terus sumpah banget sih real no hoax!,
127,gampang menang di cuanmaniazz.site gaskeun bro gacor bgt sumpah! ğŸ˜‚,
128,Cek situs: wajibgacor.site jackpot tiap spin seriusan tanpa ribet coeg! ğŸ˜³,
129,Cek situs: wajibgacor.site jackpot tiap spin fix langsung gaskeun!,
130,kok bisa sebagus ini sih parah banget gasken ğŸ˜­,
131,Sumpah relatable banget wkwk wkwkwk,
132,Bro visit web judi â€˜JUDAY88â€™ menang terus sumpah bro gacor bgt sumpah!,
133,thanks bang udah bikin konten sekeren ini gasken,
134,jeebolaanmaaxwin.idn haadiaah tiaap haari reeaal wkwkwk laangsung gaaskeeun!,
135,gaampaang meenaang di cuaanmaaniaazz.sitee gaaskeeun cuaan no tipu2 braay! ğŸ˜³!!,
136,jebolanmaxwin.idn hadiah tiap hari real banget sih langsung gaskeun!,
137,Cuma di SP1NMAX bisa menang 20jt sehari gaskeun no tipu2 bray! ğŸ˜­,
138,Dorangue88 lagi bagi freebet 25k tanpa deposit cuan modal receh bisa WD!!,
139,thanks bang udah bikin konten sekeren ini cmn,
140,Cuma di SP1NMAX bisa menang 20jt sehari bray tanpa ribet coeg!,
141,Cek situs: wajibgacor.site jackpot tiap spin gaskeun langsung gaskeun!,
142,Sumpah relatable banget wkwk cmn ğŸ˜,
143,Dorangue88 lagi bagi freebet 25k tanpa deposit anjay tanpa ribet coeg!,
144,anjir ini lucu banget fix ngakak anjir,
145,Tolong bikin paart 2 baang! coeeg!!,
146,Bro visit web judi â€˜JUDAY88â€™ menang terus sumpah bray real no hoax!,
147,"Gw baaru taau info ini, maakaasih baangeet yaa! fix",
148,anjir ini lucu banget fix ngakak cmn,
149,Cek situs: wajibgacor.site jackpot tiap spin cmn modal receh bisa WD!! ğŸ˜‚,
150,"Wuih editingnya halus banget, respect! bray ğŸ˜‚",
151,"Mantap bang, lanjutkan kontennya! bray ğŸ˜‚!",
152,"Mantap bang, lanjutkan kontennya! cuan",
153,Haha ngakak parah liat bagian ini coeg,
154,Permisi kak mau bagi link resmi: kasinoseru.fun cuan langsung gaskeun!,
155,Cek situs: wajibgacor.site jackpot tiap spin seriusan tanpa ribet coeg!!!,
156,Cuma di SP1NMAX bisa menang 20jt sehari bro langsung gaskeun!,
157,spinbosszz.live gacor terus asli gasken buruan daftar! ğŸ˜³,
158,Bro visit web judi â€˜JUDAY88â€™ menang terus sumpah cmn no tipu2 bray!!!!,
159,jebolanmaxwin.idn hadiah tiap hari real coeg no tipu2 bray!,
160,Admin bagi link nih: hokiroom777.click JP tiap malam anjir tanpa ribet coeg! ğŸ¤£ğŸ¤£,
161,coba main di maxwinninja.vip sumpah hoki bgt bro gacor bgt sumpah! ğŸ˜‚,
162,Asli ini konteen paaling niaat yaang peernaah gw liaat. aanjaay,
163,kok bisa sebagus ini sih parah banget auto ğŸ¤£ğŸ¤£,
164,Tolong bikin part 2 bang! seriusan ğŸ¤£ğŸ¤£,
165,thaanks baang udaah bikin konteen seekeereen ini wkwkwk,
166,Permisi kak mau bagi link resmi: kasinoseru.fun anjir real no hoax!,
167,gaampaang meenaang di cuaanmaaniaazz.sitee gaaskeeun gaaskeeun taanpaa ribeet coeeg! ğŸ˜­!!!,
168,kok bisa sebagus ini sih parah banget bro ğŸ˜­,
169,"Wuih editingnya halus banget, respect! gasken ğŸ˜³",
170,coba main di maxwinninja.vip sumpah hoki bgt cmn langsung gaskeun!,
171,"Gila sih videonya, keren banget sumpah! wkwkwk!",
172,Asli ini konten paling niat yang pernah gw liat. fix,
173,kok bisa sebagus ini sih parah banget bray ğŸ˜­,
174,Cuma di SP1NMAX bisa menang 20jt sehari anjay no tipu2 bray!,
175,Kalo mau menang slot coba ke 'slotcepet.xyz' gacor parah bro tanpa ribet coeg!,
176,"Wuih eeditingnyaa haalus baangeet, reespeect! baangeet sih",
177,anjir ini lucu banget fix ngakak coeg!!,
178,"Gw nonton ini sambil makan, auto keselek wkwk. cuan ğŸ˜³",
179,WEB VIRAL nih: C3uanGampang dot fun asli cuan! anjir real no hoax!,
180,Peermisi kaak maau baagi link reesmi: kaasinoseeru.fun gaaskeeun taanpaa ribeet coeeg!!,
181,thaanks baang udaah bikin konteen seekeereen ini cuaan!!,
182,Slot jamin menang: putarxwin.online no tipu banget sih no tipu2 bray! ğŸ˜­,
183,Tolong bikin part 2 bang! cuan!!!,
184,"Gila sih videonya, keren banget sumpah! anjay",
185,kok bisa sebagus ini sih parah banget seriusan,
186,"Mantap bang, lanjutkan kontennya! wkwkwk",
187,"Gw nonton ini saambil maakaan, aauto keeseeleek wkwk. gaaskeeun ğŸ˜³",
188,spinbosszz.live gacor terus asli bro no tipu2 bray!,
189,anjay gw kira cringe tapi ternyata keren cuan,
190,WEB VIRAL nih: C3uanGampang dot fun asli cuan! auto tanpa ribet coeg!,
191,Kalo mau menang slot coba ke 'slotcepet.xyz' gacor parah banget sih gacor bgt sumpah! ğŸ˜­!!!,
192,"Gila sih videonya, keren banget sumpah! coeg",
193,buset editingnya cakep parah coeg bro,
194,"Gw baru tau info ini, makasih banget ya! coeg!!!",
195,DAFTAR DI bonusku77.storee laangsung aauto WD cmn buruaan daaftaar!,
196,"Wuih editingnya halus banget, respect! anjir",
197,coba main di maxwinninja.vip sumpah hoki bgt bro modal receh bisa WD!! ğŸ˜,
198,kok bisaa seebaagus ini sih paaraah baangeet aanjir,
199,Admin baagi link nih: hokiroom777.click JP tiaap maalaam bro laangsung gaaskeeun! ğŸ˜,
